{"cameraMode":{"drawMode":0,"name":"Shaded","section":"Shading Mode"},"sceneLighting":true,"audioPlay":false,"sceneViewState":{"m_AlwaysRefresh":false,"showFog":true,"showSkybox":true,"showFlares":true,"showImageEffects":true,"showParticleSystems":true,"showVisualEffectGraphs":true,"m_FxEnabled":true},"in2DMode":false,"pivot":{"x":3.8633384704589845,"y":1.2713136672973633,"z":2.812411308288574},"rotation":{"x":0.2024630904197693,"y":-0.034656889736652377,"z":0.007174415979534388,"w":0.9786598682403565},"size":6.871163845062256,"orthographic":false}