{"cameraMode":{"drawMode":0,"name":"Shaded","section":"Shading Mode"},"sceneLighting":true,"audioPlay":false,"sceneViewState":{"m_AlwaysRefresh":false,"showFog":true,"showSkybox":true,"showFlares":true,"showImageEffects":true,"showParticleSystems":true,"showVisualEffectGraphs":true,"m_FxEnabled":true},"in2DMode":false,"pivot":{"x":-0.79066002368927,"y":-0.8946332931518555,"z":-3.212388038635254},"rotation":{"x":0.1458623707294464,"y":-0.013355188071727753,"z":0.001969235483556986,"w":0.9892127513885498},"size":4.2018303871154789,"orthographic":false}